{"maxi": 570.42, "mini": 264.32, "mean_lst": 303.46698703301644, "std_lst": 8.053069378606825, "mean_ndvi": 0.6447598387678986, "std_ndvi": 0.16534027904730664}